{
    "background": "background-1.png",
    "sprites": [
        {
	    "name": "bird",
	    "duration": 1500,
	    "images": [
		"bird-01.png", "bird-02.png", "bird-03.png",
		"bird-04.png", "bird-05.png", "bird-06.png",
		"bird-07.png", "bird-08.png", "bird-09.png",
		"bird-10.png", "bird-11.png", "bird-12.png", 
		"bird-13.png"
	    ],
	    "x": 600,
	    "y": 120,
	    "visible": true
	},
	{
	    "name": "tux",
	    "duration": 1,
	    "images": [ "tux.png" ],
            "x": 443,
            "y": 476,
	    "visible": true
	},
	{
	    "name": "deer",
	    "duration": 2000,
	    "images": [
		"deer-01.png", "deer-02.png", "deer-03.png",
		"deer-04.png", "deer-05.png", "deer-06.png",
		"deer-07.png"
	    ],
            "x": 100,
            "y": 426,
	    "visible": true
	}
    ]
}
