{
    "background": "background-1.png",
    "duration": 15000,
    "sprites": [
	{
	    "name": "bird",
	    "duration": 1500,
	    "images": [
		"bird-01.png", "bird-02.png", "bird-03.png",
		"bird-04.png", "bird-05.png", "bird-06.png",
		"bird-07.png", "bird-08.png", "bird-09.png",
		"bird-10.png", "bird-11.png", "bird-12.png", 
		"bird-13.png"
	    ],
            "x": 0,
            "y": 120
	},
	{
	    "name": "tux",
	    "duration": 1,
	    "images": [ "tux.png" ],
            "x": 443,
            "y": 476
	},
	{
	    "name": "deer",
	    "duration": 2000,
	    "images": [
		"deer-01.png", "deer-02.png", "deer-03.png",
		"deer-04.png", "deer-05.png", "deer-06.png",
		"deer-07.png"
	    ],
            "x": 798,
            "y": 426
	}
    ],
    "actions": [
        {
            "sprite": "bird",
            "time": 0,
            "visible": true
        },
        {
            "sprite": "bird",
            "time": 500,
            "endTime": 12000,
            "endX": 900,
            "endY": 120
        },
        {
            "sprite": "bird",
            "time": 12000,
            "visible": false
        },
        {
            "sprite": "tux",
            "time": 0,
            "visible": true
        },
        {
            "sprite": "tux",
            "time": 14000,
            "visible": false
        },
        {
            "sprite": "deer",
            "time": 7000,
            "visible": true
        },
        {
            "sprite": "deer",
            "time": 7000,
            "endTime": 14500,
            "endX": -134,
            "endY": 426
        },
        {
            "sprite": "deer",
            "time": 15000,
            "visible": false
        }
    ]
}
